﻿project,sp_code,common_name,scientific_name,kingdom,phylum,class,order,family,genus,species
PIE,ANR,american eel,Anguilla rostrata,Animalia,Chordata,Actinopterygii,Anguilliformes,Anguillidae,Anguilla,Anguilla rostrata
PIE,APQ,four spined stickleback,Apeltes quadracus,Animalia,Chordata,Actinopterygii,Scorpaeniformes,Gasterosteidae,Apeltes,Apeltes quadracus
PIE,CAM,green crab,Carcinus maenas,Animalia,Arthropoda,Malacostraca,Decapoda,Carcinidae,Carcinus,Carcinus maenas
PIE,CLU,herring; menhaden,Clupeidae,Animalia,Chordata,Actinopterygii,Clupeiformes,Clupeidae,NA,Clupeidae
PIE,CRS,sand shrimp,Carcinus septemspinosa,Animalia,Arthropoda,Malacostraca,Decapoda,Crangonidae,Carcinus,Carcinus septemspinosa
PIE,FUH,mummichog,Fundulus heteroclitus,Animalia,Chordata,Actinopterygii,Cyprinodontiformes,Fundulidae,Fundulus,Fundulus heteroclitus
PIE,MEM,atlantic silverside,Menidia menidia,Animalia,Chordata,Actinopterygii,Atheriniformes,Atherinopsidae,Menidia,Menidia medidia
PIE,PAP,grass shrimp,Palaemon pugio,Animalia,Arthropoda,Malacostraca,Decapoda,Palaemonidae,Palaemon,Palaemon pugio
PIE,PUP,ninespine stickleback,Pungitius pungitius,Animalia,Chordata,Actinopterygii,Scorpaeniformes,Gasterosteidae,Pungitius,Pungitius pungitius
PIE,SYF,northern pipefish,Syngnathus fuscus,Animalia,Chordata,Actinopterygii,Syngnathiformes,Syngnathidae,Syngnathus,Syngnathus fuscus
PIE,UCA,fiddler crab,Uca pugnax,Animalia,Arthropoda,Malacostraca,Decapoda,Ocypodoidae,Uca,Uca pugnax
PIE,XAN,walking crab,Xanthidae,Animalia,Arthropoda,Malacostraca,Decapoda,Xanthidae,NA,Xanthidae