project,sp_code,scientific_name,common_name,kingdom,phylum,class,order,family,genus,species,taxa_group,diet_cat
PIE,ANR,Anguilla rostrata,american eel,Animalia,Chordata,Actinopterygii,Anguilliformes,Anguillidae,Anguilla,Anguilla rostrata,NA,fish_invert
PIE,APQ,Apeltes quadracus,four spined stickleback,Animalia,Chordata,Actinopterygii,Scorpaeniformes,Gasterosteidae,Apeltes,Apeltes quadracus,NA,invert
PIE,CAM,Carcinus maenas,green crab,Animalia,Arthropoda,Malacostraca,Decapoda,Carcinidae,Carcinus,Carcinus maenas,NA,algae_detritus
PIE,CLU,NA,herring; menhaden,Animalia,Chordata,Actinopterygii,Clupeiformes,Clupeidae,NA,Clupeidae,NA,algae_detritus
PIE,CRS,Carcinus septemspinosa,sand shrimp,Animalia,Arthropoda,Malacostraca,Decapoda,Crangonidae,Carcinus,Carcinus septemspinosa,NA,algae_detritus
PIE,FUH,Fundulus heteroclitus,mummichog,Animalia,Chordata,Actinopterygii,Cyprinodontiformes,Fundulidae,Fundulus,Fundulus heteroclitus,NA,invert
PIE,FUH,Fundulus heteroclitus,mummichog,Animalia,Chordata,Actinopterygii,Cyprinodontiformes,Fundulidae,Fundulus,Fundulus heteroclitus,NA,invert
PIE,MEM,Menidia medidia,atlantic silverside,Animalia,Chordata,Actinopterygii,Atheriniformes,Atherinopsidae,Menidia,Menidia medidia,NA,invert
PIE,MEM,Menidia medidia,atlantic silverside,Animalia,Chordata,Actinopterygii,Atheriniformes,Atherinopsidae,Menidia,Menidia medidia,NA,invert
PIE,PAP,Palaemonetes pugio,grass shrimp,Animalia,Arthropoda,Malacostraca,Decapoda,Palaemonidae,Palaemon,Palaemon pugio,NA,algae_detritus
PIE,PUP,Pungitius pungitius,ninespine stickleback,Animalia,Chordata,Actinopterygii,Scorpaeniformes,Gasterosteidae,Pungitius,Pungitius pungitius,NA,invert
PIE,SYF,Syngnathus fuscus,northern pipefish,Animalia,Chordata,Actinopterygii,Syngnathiformes,Syngnathidae,Syngnathus,Syngnathus fuscus,NA,invert
PIE,UCA,Uca pugnax,fiddler crab,Animalia,Arthropoda,Malacostraca,Decapoda,Ocypodoidae,Uca,Uca pugnax,NA,algae_detritus
PIE,XAN,NA,walking crab,Animalia,Arthropoda,Malacostraca,Decapoda,Xanthidae,NA,Xanthidae,NA,algae_detritus
