studyName,cruise,cycle,"size_fraction  (mm)",day_night,"biomass_mean (mg/m³)","biomass_std (mg/m³)",biomass_n,"biomass_95cl (mg/m³)","int_biomass_mean (mg/m²)","int_biomass_std (mg/m²)",int_biomass_n,"int_biomass_95cl (mg/m²)"
P0605KN,P0605,1,5,Day,1.41176,1.34006,4,2,299.862,285.458,4,454.227
P0605KN,P0605,1,2,Day,2.98628,1.8418,4,3,636.188,395.221,4,628.884
P0605KN,P0605,1,1,Day,6.75085,7.7841,4,12,1424.55,1630.87,4,2595.08
P0605KN,P0605,1,0.5,Day,3.23245,1.27091,4,2,685.232,263.14,4,418.715
P0605KN,P0605,1,0.2,Day,3.23244,0.971261,4,2,685.628,199.96,4,318.181
P0605KN,P0605,1,Total,Day,17.6138,9.23857,4,15,3731.46,1920.75,4,3056.34
P0605KN,P0605,1,5,Night,2.35316,2.58665,4,4,499.087,548.144,4,872.22
P0605KN,P0605,1,2,Night,4.49578,3.847,4,6,949.922,809.177,4,1287.58
P0605KN,P0605,1,1,Night,4.39162,2.95327,4,5,929.57,626.59,4,997.045
P0605KN,P0605,1,0.5,Night,4.30818,0.873053,4,1,912.008,185.387,4,294.991
P0605KN,P0605,1,0.2,Night,2.37102,0.829914,4,1,502.274,176.015,4,280.079
P0605KN,P0605,1,Total,Night,17.9197,6.77599,4,11,3792.86,1439.64,4,2290.78
P0605KN,P0605,1,5,"D-N average",1.88246,1.97238,8,2,399.475,418.369,8,349.765
P0605KN,P0605,1,2,"D-N average",3.74103,2.90645,8,2,793.055,612.927,8,512.42
P0605KN,P0605,1,1,"D-N average",5.57123,5.59431,8,5,1177.06,1173.95,8,981.443
P0605KN,P0605,1,0.5,"D-N average",3.77032,1.16169,8,1,798.62,243.101,8,203.238
P0605KN,P0605,1,0.2,"D-N average",2.80173,0.954719,8,1,593.951,200.048,8,167.244
P0605KN,P0605,1,Total,"D-N average",17.7668,7.50222,8,6,3762.16,1571.76,8,1314.03
P0605KN,P0605,2,5,Day,0.0412363,0.00157288,5,0,8.72701,0.317621,5,0.394378
P0605KN,P0605,2,2,Day,0.168903,0.0772693,5,0,35.6856,16.1553,5,20.0594
P0605KN,P0605,2,1,Day,0.544452,0.221261,5,0,115.2,46.6996,5,57.9852
P0605KN,P0605,2,0.5,Day,1.35167,0.515955,5,1,286.077,109.004,5,135.346
P0605KN,P0605,2,0.2,Day,1.60811,0.666577,5,1,340.161,140.665,5,174.658
P0605KN,P0605,2,Total,Day,3.71438,1.38456,5,2,785.851,292.172,5,362.78
P0605KN,P0605,2,5,Night,0.579157,0.324316,6,0,123.176,69.5504,6,72.9886
P0605KN,P0605,2,2,Night,0.82568,0.325469,6,0,175.513,59.8445,6,62.803
P0605KN,P0605,2,1,Night,1.51835,0.529021,6,1,323.051,107.884,6,113.217
P0605KN,P0605,2,0.5,Night,1.74949,0.717095,6,1,372.61,163.799,6,171.896
P0605KN,P0605,2,0.2,Night,1.84195,0.444507,6,0,392.809,102.389,6,107.45
P0605KN,P0605,2,Total,Night,6.51463,1.79049,6,2,1387.16,369.137,6,387.385
P0605KN,P0605,2,5,"D-N average",0.334648,0.368444,11,0,77.3841,76.5386,11,51.4193
P0605KN,P0605,2,2,"D-N average",0.527145,0.421622,11,0,120.45,87.7585,11,58.957
P0605KN,P0605,2,1,"D-N average",1.07567,0.675267,11,0,236.22,136.188,11,91.4926
P0605KN,P0605,2,0.5,"D-N average",1.56866,0.647634,11,0,333.142,134.009,11,90.0286
P0605KN,P0605,2,0.2,"D-N average",1.73566,0.509129,11,0,362.6,113.482,11,76.2382
P0605KN,P0605,2,Total,"D-N average",5.24179,2.23494,11,2,1129.8,445.839,11,299.519
P0605KN,P0605,3,5,Day,0.0110143,0.0115604,3,0,0.806765,1.33944,3,3.32736
P0605KN,P0605,3,2,Day,0.0733242,0.0336583,3,0,5.00595,3.95122,3,9.81539
P0605KN,P0605,3,1,Day,0.259546,0.103872,3,0,17.1146,13.7187,3,34.0791
P0605KN,P0605,3,0.5,Day,2.11237,0.49698,3,1,138.793,74.2023,3,184.329
P0605KN,P0605,3,0.2,Day,9.19435,2.85628,3,7,558.371,103.346,3,256.727
P0605KN,P0605,3,Total,Day,11.6506,2.61387,3,6,720.092,125.659,3,312.154
P0605KN,P0605,3,5,Night,0.0857996,0.114068,4,0,7.79111,10.8692,4,17.2953
P0605KN,P0605,3,2,Night,2.9879,3.29129,4,5,268.755,299.094,4,475.925
P0605KN,P0605,3,1,Night,4.56647,4.2563,4,7,401.813,387.308,4,616.293
P0605KN,P0605,3,0.5,Night,13.8304,10.6208,4,17,1212.07,1042.56,4,1658.95
P0605KN,P0605,3,0.2,Night,11.7096,2.40327,4,4,968.775,287.959,4,458.207
P0605KN,P0605,3,Total,Night,33.1802,18.7094,4,30,2859.21,1905.2,4,3031.61
P0605KN,P0605,3,5,"D-N average",0.0537488,0.0902678,7,0,4.91307,8.51779,7,7.87764
P0605KN,P0605,3,2,"D-N average",1.7388,2.80067,7,3,156.435,253.69,7,234.624
P0605KN,P0605,3,1,"D-N average",2.72065,3.78966,7,4,239.387,340.742,7,315.134
P0605KN,P0605,3,0.5,"D-N average",8.80838,9.7834,7,9,771.923,920.144,7,850.992
P0605KN,P0605,3,0.2,"D-N average",10.6316,2.72302,7,3,872.655,243.705,7,225.39
P0605KN,P0605,3,Total,"D-N average",23.9532,17.5993,7,16,2045.31,1688.37,7,1561.48
P0605KN,P0605,4,5,Day,0.2372,0.412862,4,1,49.3375,85.71,4,136.384
P0605KN,P0605,4,2,Day,0.309835,0.191717,4,0,65.3796,40.8113,4,64.9399
P0605KN,P0605,4,1,Day,0.715044,0.265824,4,0,150.167,54.9716,4,87.4721
P0605KN,P0605,4,0.5,Day,2.6362,1.1635,4,2,552.762,238.746,4,379.899
P0605KN,P0605,4,0.2,Day,2.96562,1.01626,4,2,622.781,209.203,4,332.889
P0605KN,P0605,4,Total,Day,6.8639,2.74198,4,4,1440.43,563.235,4,896.232
P0605KN,P0605,4,5,Night,0.493901,0.438102,3,1,104.721,92.8219,3,230.582
P0605KN,P0605,4,2,Night,0.977886,0.486201,3,1,208.096,101.332,3,251.723
P0605KN,P0605,4,1,Night,2.86876,1.06813,3,3,613.882,230.373,3,572.277
P0605KN,P0605,4,0.5,Night,7.38334,3.73549,3,9,1577.14,789.097,3,1960.22
P0605KN,P0605,4,0.2,Night,2.75932,1.0436,3,3,587.864,215.744,3,535.938
P0605KN,P0605,4,Total,Night,14.4832,5.63652,3,14,3091.7,1180.92,3,2933.58
P0605KN,P0605,4,5,"D-N average",0.347215,0.409918,7,0,73.0733,86.1479,7,79.6735
P0605KN,P0605,4,2,"D-N average",0.596143,0.474012,7,0,126.544,100.374,7,92.8304
P0605KN,P0605,4,1,"D-N average",1.63807,1.31944,7,1,348.902,283.97,7,262.628
P0605KN,P0605,4,0.5,"D-N average",4.67069,3.43029,7,3,991.782,732.033,7,677.018
P0605KN,P0605,4,0.2,"D-N average",2.87721,0.944237,7,1,607.816,194.285,7,179.683
P0605KN,P0605,4,Total,"D-N average",10.1293,5.56203,7,5,2148.12,1184.29,7,1095.28
P0605KN,P0605,5,5,Day,0.0709994,0.0226739,4,0,15.0376,4.89323,4,7.78622
P0605KN,P0605,5,2,Day,0.127498,0.0529703,4,0,26.8846,10.8785,4,17.3101
P0605KN,P0605,5,1,Day,0.247379,0.0793399,4,0,52.3662,16.8239,4,26.7706
P0605KN,P0605,5,0.5,Day,0.586791,0.303709,4,0,124.225,64.9901,4,103.414
P0605KN,P0605,5,0.2,Day,0.380352,0.0606333,4,0,80.395,11.987,4,19.074
P0605KN,P0605,5,Total,Day,1.41302,0.378414,4,1,298.908,80.0883,4,127.438
P0605KN,P0605,5,5,Night,0.27521,0.380714,4,1,58.0105,79.9631,4,127.239
P0605KN,P0605,5,2,Night,0.799515,0.194943,4,0,169.384,40.2835,4,64.1001
P0605KN,P0605,5,1,Night,2.02456,0.450444,4,1,429.121,93.1021,4,148.146
P0605KN,P0605,5,0.5,Night,1.72188,0.420709,4,1,365.534,91.0007,4,144.802
P0605KN,P0605,5,0.2,Night,0.753907,0.0685498,4,0,159.849,13.463,4,21.4226
P0605KN,P0605,5,Total,Night,5.57507,0.993874,4,2,1181.9,204.588,4,325.545
P0605KN,P0605,5,5,"D-N average",0.173104,0.272495,8,0,36.5241,57.2556,8,47.8669
P0605KN,P0605,5,2,"D-N average",0.463506,0.382779,8,0,98.1343,80.9193,8,67.6502
P0605KN,P0605,5,1,"D-N average",1.13597,0.996017,8,1,240.744,210.693,8,176.144
P0605KN,P0605,5,0.5,"D-N average",1.15433,0.695347,8,1,244.88,148.312,8,123.992
P0605KN,P0605,5,0.2,"D-N average",0.567129,0.208468,8,0,120.122,44.0791,8,36.8511
P0605KN,P0605,5,Total,"D-N average",3.49405,2.3311,8,2,740.404,493.407,8,412.499
P0704TN,P0704,1,5,Day,0.381083,0.365437,4,1,69.0856,64.7957,4,103.104
P0704TN,P0704,1,2,Day,0.591377,0.199136,4,0,107.137,39.0433,4,62.1267
P0704TN,P0704,1,1,Day,2.08036,1.03126,4,2,370.399,171.183,4,272.39
P0704TN,P0704,1,0.5,Day,5.49942,4.41189,4,7,968.633,747.781,4,1189.89
P0704TN,P0704,1,0.2,Day,18.2299,9.83203,4,16,3259.42,1653.01,4,2630.3
P0704TN,P0704,1,Total,Day,26.7822,14.3959,4,23,4774.67,2393.61,4,3808.77
P0704TN,P0704,1,5,Night,10.7576,5.79139,4,9,2119.98,64.7957,4,103.104
P0704TN,P0704,1,2,Night,13.8659,7.96914,4,13,2704.23,39.0433,4,62.1267
P0704TN,P0704,1,1,Night,6.30366,5.36978,4,9,1224.49,171.183,4,272.39
P0704TN,P0704,1,0.5,Night,7.19261,5.79574,4,9,1396.9,747.781,4,1189.89
P0704TN,P0704,1,0.2,Night,7.07294,1.94313,4,3,1386.7,1653.01,4,2630.3
P0704TN,P0704,1,Total,Night,45.1927,17.648,4,28,8832.3,2393.61,4,3808.77
P0704TN,P0704,1,5,"D-N average",5.56936,6.72274,8,6,1094.53,1328.45,8,1110.61
P0704TN,P0704,1,2,"D-N average",7.22863,8.808,8,7,1405.68,1708.14,8,1428.04
P0704TN,P0704,1,1,"D-N average",4.19201,4.23196,8,4,797.446,813.076,8,679.749
P0704TN,P0704,1,0.5,"D-N average",6.34602,4.85357,8,4,1182.76,897.761,8,750.547
P0704TN,P0704,1,0.2,"D-N average",12.6514,8.8664,8,7,2323.06,1493.93,8,1248.96
P0704TN,P0704,1,Total,"D-N average",35.9875,17.8645,8,15,6803.48,3443.21,8,2878.59
P0704TN,P0704,2,5,Day,0.0312698,0.018371,4,0,6.01095,3.45553,4,5.49852
P0704TN,P0704,2,2,Day,0.152246,0.0833458,4,0,29.9528,17.8729,4,28.4398
P0704TN,P0704,2,1,Day,0.629081,0.159086,4,0,120.535,14.9306,4,23.7578
P0704TN,P0704,2,0.5,Day,0.640943,0.239014,4,0,121.931,29.7274,4,47.3029
P0704TN,P0704,2,0.2,Day,1.50086,0.44085,4,1,292.023,88.8096,4,141.316
P0704TN,P0704,2,Total,Day,2.9544,0.717911,4,1,570.453,108.945,4,173.356
P0704TN,P0704,2,5,Night,0.615793,0.0977385,4,0,119.886,19.8972,4,31.6609
P0704TN,P0704,2,2,Night,1.2738,0.376772,4,1,245.585,63.3884,4,100.865
P0704TN,P0704,2,1,Night,2.33263,0.420563,4,1,452.064,66.9865,4,106.59
P0704TN,P0704,2,0.5,Night,1.30226,0.270472,4,0,253.109,52.664,4,83.8001
P0704TN,P0704,2,0.2,Night,1.91485,0.806582,4,1,363.703,118.807,4,189.048
P0704TN,P0704,2,Total,Night,7.43933,1.7052,4,3,1434.35,234.005,4,372.354
P0704TN,P0704,2,5,"D-N average",0.323531,0.319152,8,0,62.9484,62.288,8,52.0741
P0704TN,P0704,2,2,"D-N average",0.713023,0.650548,8,1,137.769,123.061,8,102.881
P0704TN,P0704,2,1,"D-N average",1.48085,0.956982,8,1,286.3,182.816,8,152.838
P0704TN,P0704,2,0.5,"D-N average",0.9716,0.425193,8,0,187.52,80.5223,8,67.3184
P0704TN,P0704,2,0.2,"D-N average",1.70785,0.641154,8,1,327.863,104.391,8,87.2732
P0704TN,P0704,2,Total,"D-N average",5.19686,2.68591,8,2,1002.4,491.719,8,411.087
P0704TN,P0704,3,5,Day,0.226692,,1,,55.2048,,1,
P0704TN,P0704,3,2,Day,1.30123,,1,,316.88,,1,
P0704TN,P0704,3,1,Day,1.78397,,1,,434.439,,1,
P0704TN,P0704,3,0.5,Day,4.20988,,1,,1025.2,,1,
P0704TN,P0704,3,0.2,Day,2.94644,,1,,717.526,,1,
P0704TN,P0704,3,Total,Day,10.4682,,1,,2549.25,,1,
P0704TN,P0704,3,5,Night,11.444,,1,,2022.82,,1,
P0704TN,P0704,3,2,Night,21.8811,,1,,3867.68,,1,
P0704TN,P0704,3,1,Night,6.03919,,1,,1067.48,,1,
P0704TN,P0704,3,0.5,Night,9.18718,,1,,1623.92,,1,
P0704TN,P0704,3,0.2,Night,5.82026,,1,,1028.78,,1,
P0704TN,P0704,3,Total,Night,54.3717,,1,,9610.68,,1,
P0704TN,P0704,3,5,"D-N average",5.83533,7.93182,2,71,1039.01,1391.32,2,12500.5
P0704TN,P0704,3,2,"D-N average",11.5912,14.5522,2,131,2092.28,2510.79,2,22558.6
P0704TN,P0704,3,1,"D-N average",3.91158,3.00889,2,27,750.96,447.628,2,4021.78
P0704TN,P0704,3,0.5,"D-N average",6.69853,3.51948,2,32,1324.56,423.354,2,3803.68
P0704TN,P0704,3,0.2,"D-N average",4.38335,2.0321,2,18,873.154,220.091,2,1977.44
P0704TN,P0704,3,Total,"D-N average",32.42,31.0445,2,279,6079.97,4993.19,2,44862
P0704TN,P0704,4,5,Day,2.35387,3.17081,4,5,306.784,540.205,4,859.587
P0704TN,P0704,4,2,Day,1.66231,1.10196,4,2,242.869,205.908,4,327.646
P0704TN,P0704,4,1,Day,1.99309,0.367552,4,1,375.407,48.9471,4,77.8858
P0704TN,P0704,4,0.5,Day,4.48752,0.779884,4,1,798.021,129.91,4,206.715
P0704TN,P0704,4,0.2,Day,8.00096,1.81072,4,3,1367.21,372.152,4,592.177
P0704TN,P0704,4,Total,Day,18.4977,5.93693,4,9,3090.29,934.91,4,1487.65
P0704TN,P0704,4,5,Night,3.9267,2.8143,4,4,696.41,494.036,4,786.121
P0704TN,P0704,4,2,Night,7.68056,3.48869,4,6,1350.99,533.699,4,849.235
P0704TN,P0704,4,1,Night,5.81651,1.46739,4,2,1067.17,341.088,4,542.747
P0704TN,P0704,4,0.5,Night,6.5056,1.76526,4,3,1196.21,410.052,4,652.484
P0704TN,P0704,4,0.2,Night,6.23043,2.19859,4,3,1111.07,310.969,4,494.821
P0704TN,P0704,4,Total,Night,30.1598,4.01136,4,6,5421.85,377.089,4,600.032
P0704TN,P0704,4,5,"D-N average",2.8465,3.00613,8,3,501.597,522.535,8,436.85
P0704TN,P0704,4,2,"D-N average",4.48265,4.17422,8,3,796.927,700.769,8,585.858
P0704TN,P0704,4,1,"D-N average",3.89199,2.28333,8,2,721.287,433.141,8,362.115
P0704TN,P0704,4,0.5,"D-N average",5.33681,1.7769,8,1,997.117,352.981,8,295.1
P0704TN,P0704,4,0.2,"D-N average",6.66535,1.92171,8,2,1239.14,345.751,8,289.055
P0704TN,P0704,4,Total,"D-N average",23.2233,8.77443,8,7,4256.07,1410.22,8,1178.98
P0810MV,P0810,1,5,Day,0.550707,0.405272,3,1,113.599,84.2298,3,209.238
P0810MV,P0810,1,2,Day,1.5587,0.896997,3,2,317.731,179.978,3,447.091
P0810MV,P0810,1,1,Day,0.896381,0.603278,3,1,184.66,125.402,3,311.515
P0810MV,P0810,1,0.5,Day,0.584423,0.0734617,3,0,120.12,15.0555,3,37.3999
P0810MV,P0810,1,0.2,Day,1.27877,0.658105,3,2,260.756,130.704,3,324.686
P0810MV,P0810,1,Total,Day,4.86899,2.30531,3,6,996.866,469.282,3,1165.76
P0810MV,P0810,1,5,Night,0.860772,1.18818,3,3,182.745,256.718,3,637.723
P0810MV,P0810,1,2,Night,2.57741,2.44229,3,6,545.702,529.626,3,1315.66
P0810MV,P0810,1,1,Night,3.91725,2.07994,3,5,808.019,402.995,3,1001.09
P0810MV,P0810,1,0.5,Night,2.82151,0.22826,3,1,594.727,74.9482,3,186.182
P0810MV,P0810,1,0.2,Night,1.76632,1.50714,3,4,386.259,336.488,3,835.882
P0810MV,P0810,1,Total,Night,11.9433,4.85854,3,12,2517.45,1070.81,3,2660.05
P0810MV,P0810,1,5,"D-N average",0.70574,0.811942,6,1,148.172,175.025,6,183.678
P0810MV,P0810,1,2,"D-N average",2.06806,1.73755,6,2,431.716,375.166,6,393.713
P0810MV,P0810,1,1,"D-N average",2.40682,2.14796,6,2,496.34,433.388,6,454.813
P0810MV,P0810,1,0.5,"D-N average",1.70297,1.23465,6,1,357.423,264.411,6,277.482
P0810MV,P0810,1,0.2,"D-N average",1.52255,1.07384,6,1,323.508,238.429,6,250.216
P0810MV,P0810,1,Total,"D-N average",8.40613,5.15573,6,5,1757.16,1113.73,6,1168.79
P0810MV,P0810,2,5,Day,0.485103,0.19582,4,0,81.0684,30.4687,4,48.4825
P0810MV,P0810,2,2,Day,0.59867,0.460761,4,1,149.505,90.9157,4,144.667
P0810MV,P0810,2,1,Day,1.22237,0.254444,4,0,219.671,42.1279,4,67.0349
P0810MV,P0810,2,0.5,Day,1.36848,0.600203,4,1,291.81,118.309,4,188.257
P0810MV,P0810,2,0.2,Day,1.12078,0.269916,4,0,213.394,43.539,4,69.2803
P0810MV,P0810,2,Total,Day,4.79541,1.47812,4,2,955.447,272.965,4,434.349
P0810MV,P0810,2,5,Night,0.245972,0.100703,3,0,51.7824,13.5883,3,33.7553
P0810MV,P0810,2,2,Night,1.49886,0.251797,3,1,330.085,77.8109,3,193.293
P0810MV,P0810,2,1,Night,3.02347,0.33445,3,1,658.731,69.107,3,171.671
P0810MV,P0810,2,0.5,Night,2.02976,0.336524,3,1,447.297,106.133,3,263.649
P0810MV,P0810,2,0.2,Night,2.33673,0.557162,3,1,503.093,82.1781,3,204.142
P0810MV,P0810,2,Total,Night,9.13479,1.03285,3,3,1990.99,227.996,3,566.374
P0810MV,P0810,2,5,"D-N average",0.404338,0.266024,7,0,68.5173,27.7627,7,25.6762
P0810MV,P0810,2,2,"D-N average",1.18518,0.71805,7,1,226.896,124.37,7,115.023
P0810MV,P0810,2,1,"D-N average",1.9421,0.99423,7,1,407.839,239.912,7,221.881
P0810MV,P0810,2,0.5,"D-N average",1.81376,1.02006,7,1,358.447,132.894,7,122.906
P0810MV,P0810,2,0.2,"D-N average",1.80912,0.932032,7,1,337.551,164.857,7,152.467
P0810MV,P0810,2,Total,"D-N average",7.1545,3.65826,7,3,1399.25,600.805,7,555.652
P0810MV,P0810,3,5,Day,0.555142,0.320754,2,3,111.89,64.0455,2,575.426
P0810MV,P0810,3,2,Day,1.09243,0.569345,2,5,220.223,113.543,2,1020.14
P0810MV,P0810,3,1,Day,2.44329,0.141963,2,1,493.28,25.4788,2,228.918
P0810MV,P0810,3,0.5,Day,1.33441,0.00326471,2,0,269.454,1.08174,2,9.719
P0810MV,P0810,3,0.2,Day,3.04005,0.343097,2,3,613.653,65.3153,2,586.834
P0810MV,P0810,3,Total,Day,8.46532,1.37842,2,12,1708.5,267.301,2,2401.6
P0810MV,P0810,3,5,Night,2.0804,0.484739,2,4,381.73,114.541,2,1029.11
P0810MV,P0810,3,2,Night,3.09267,0.86015,2,8,557.474,117.447,2,1055.22
P0810MV,P0810,3,1,Night,4.80147,2.80001,2,25,856.235,448.919,2,4033.38
P0810MV,P0810,3,0.5,Night,5.51098,2.25571,2,20,988.819,340.875,2,3062.64
P0810MV,P0810,3,0.2,Night,4.34791,0.699455,2,6,786.962,72.3226,2,649.793
P0810MV,P0810,3,Total,Night,19.8334,6.13059,2,55,3571.22,865.023,2,7771.92
P0810MV,P0810,3,5,"D-N average",1.31777,0.942386,4,1,246.81,173.239,4,275.661
P0810MV,P0810,3,2,"D-N average",2.09255,1.29935,4,2,388.848,216.351,4,344.263
P0810MV,P0810,3,1,"D-N average",3.62238,2.11512,4,3,674.757,333.623,4,530.869
P0810MV,P0810,3,0.5,"D-N average",3.42269,2.74056,4,4,629.136,459.595,4,731.318
P0810MV,P0810,3,0.2,"D-N average",3.69398,0.87891,4,1,700.308,114.794,4,182.662
P0810MV,P0810,3,Total,"D-N average",14.1494,7.49929,4,12,2639.86,1195.75,4,1902.7
P0810MV,P0810,4,5,Day,0.609471,0.515638,2,5,117.134,102.94,2,924.877
P0810MV,P0810,4,2,Day,0.95817,0.65594,2,6,183.391,132.743,2,1192.65
P0810MV,P0810,4,1,Day,0.932996,0.0458297,2,0,175.665,17.7715,2,159.671
P0810MV,P0810,4,0.5,Day,0.86929,0.217296,2,2,164.527,49.3889,2,443.741
P0810MV,P0810,4,0.2,Day,1.72903,1.76147,2,16,333.767,348.189,2,3128.35
P0810MV,P0810,4,Total,Day,5.09896,3.19617,2,29,974.483,651.032,2,5849.29
P0810MV,P0810,4,5,Night,,,,,,,,
P0810MV,P0810,4,2,Night,,,,,,,,
P0810MV,P0810,4,1,Night,,,,,,,,
P0810MV,P0810,4,0.5,Night,,,,,,,,
P0810MV,P0810,4,0.2,Night,,,,,,,,
P0810MV,P0810,4,Total,Night,,,,,,,,
P0810MV,P0810,4,5,"D-N average",,,,,,,,
P0810MV,P0810,4,2,"D-N average",,,,,,,,
P0810MV,P0810,4,1,"D-N average",,,,,,,,
P0810MV,P0810,4,0.5,"D-N average",,,,,,,,
P0810MV,P0810,4,0.2,"D-N average",,,,,,,,
P0810MV,P0810,4,Total,"D-N average",,,,,,,,
P1106MV,P1106,1,5,Day,1.13055,0.532455,2,5,244.293,97.0664,2,872.107
P1106MV,P1106,1,2,Day,7.95941,9.79641,2,88,1665.78,2015.68,2,18110.2
P1106MV,P1106,1,1,Day,2.525,0.699405,2,6,549.993,108.89,2,978.342
P1106MV,P1106,1,0.5,Day,1.65024,0.925931,2,8,355.258,174.448,2,1567.35
P1106MV,P1106,1,0.2,Day,2.30238,0.291648,2,3,509.816,105.451,2,947.444
P1106MV,P1106,1,Total,Day,15.5676,11.6626,2,105,3325.14,2290.64,2,20580.5
P1106MV,P1106,1,5,Night,6.67445,1.57659,2,14,1363.85,192.504,2,1729.58
P1106MV,P1106,1,2,Night,8.45426,0.215683,2,2,1745.33,124.361,2,1117.34
P1106MV,P1106,1,1,Night,3.64385,0.991707,2,9,743.271,132.17,2,1187.5
P1106MV,P1106,1,0.5,Night,2.21817,1.04874,2,9,468.971,261.099,2,2345.88
P1106MV,P1106,1,0.2,Night,1.71268,0.0706113,2,1,354.715,48.82,2,438.63
P1106MV,P1106,1,Total,Night,22.7034,1.66463,2,15,4676.14,109.606,2,984.774
P1106MV,P1106,1,5,"D-N average",3.9025,3.34185,4,5,804.071,658.252,4,1047.43
P1106MV,P1106,1,2,"D-N average",8.20683,5.66454,4,9,1705.55,1166.87,4,1856.75
P1106MV,P1106,1,1,"D-N average",3.08443,0.95297,4,2,646.632,149.089,4,237.233
P1106MV,P1106,1,0.5,"D-N average",1.9342,0.871731,4,1,412.114,192.817,4,306.815
P1106MV,P1106,1,0.2,"D-N average",2.00753,0.382005,4,1,432.265,111.892,4,178.046
P1106MV,P1106,1,Total,"D-N average",19.1355,7.95207,4,13,4000.64,1536.69,4,2445.21
P1106MV,P1106,2,5,Day,0.327574,,1,,70.6911,,1,
P1106MV,P1106,2,2,Day,0.720225,,1,,155.426,,1,
P1106MV,P1106,2,1,Day,0.264441,,1,,57.0669,,1,
P1106MV,P1106,2,0.5,Day,0.511261,,1,,110.331,,1,
P1106MV,P1106,2,0.2,Day,0.475775,,1,,102.673,,1,
P1106MV,P1106,2,Total,Day,2.29928,,1,,496.188,,1,
P1106MV,P1106,2,5,Night,1.50322,0.19789,2,2,327.557,37.1084,2,333.406
P1106MV,P1106,2,2,Night,1.62275,0.33731,2,3,353.354,67.0434,2,602.361
P1106MV,P1106,2,1,Night,0.73295,0.158681,2,1,159.587,31.6622,2,284.473
P1106MV,P1106,2,0.5,Night,0.515718,0.0985383,2,1,112.315,19.4173,2,174.457
P1106MV,P1106,2,0.2,Night,0.425484,0.0313393,2,0,92.7644,5.12056,2,46.0064
P1106MV,P1106,2,Total,Night,4.80012,0.823759,2,7,1045.58,160.352,2,1440.7
P1106MV,P1106,2,5,"D-N average",1.11134,0.693031,3,2,241.935,150.605,3,374.123
P1106MV,P1106,2,2,"D-N average",1.32191,0.573068,3,1,287.378,123.717,3,307.33
P1106MV,P1106,2,1,"D-N average",0.57678,0.292843,3,1,125.414,63.2828,3,157.203
P1106MV,P1106,2,0.5,"D-N average",0.514232,0.0697246,3,0,111.654,13.7778,3,34.2259
P1106MV,P1106,2,0.2,"D-N average",0.442248,0.0365258,3,0,96.0674,6.77038,3,16.8186
P1106MV,P1106,2,Total,"D-N average",3.96651,1.55693,3,4,862.448,336.847,3,836.774
P1106MV,P1106,3,5,Day,1.49094,0.304556,2,3,331.596,70.1557,2,630.324
P1106MV,P1106,3,2,Day,6.48654,3.17483,2,29,1438.92,694.813,2,6242.65
P1106MV,P1106,3,1,Day,7.53946,6.98145,2,63,1681.34,1564.04,2,14052.3
P1106MV,P1106,3,0.5,Day,2.53375,0.281892,2,3,562.862,58.4461,2,525.117
P1106MV,P1106,3,0.2,Day,1.61071,0.559686,2,5,358.424,127.054,2,1141.53
P1106MV,P1106,3,Total,Day,19.6614,4.38896,2,39,4373.14,1007.99,2,9056.44
P1106MV,P1106,3,5,Night,2.8741,,1,,647.687,,1,
P1106MV,P1106,3,2,Night,10.5624,,1,,2380.26,,1,
P1106MV,P1106,3,1,Night,12.5243,,1,,2822.38,,1,
P1106MV,P1106,3,0.5,Night,2.69515,,1,,607.36,,1,
P1106MV,P1106,3,0.2,Night,1.10643,,1,,249.337,,1,
P1106MV,P1106,3,Total,Night,29.7624,,1,,6707.03,,1,
P1106MV,P1106,3,5,"D-N average",1.952,0.827097,3,2,436.96,189.118,3,469.794
P1106MV,P1106,3,2,"D-N average",7.84516,3.25227,3,8,1752.7,732.636,3,1819.97
P1106MV,P1106,3,1,"D-N average",9.20107,5.71429,3,14,2061.69,1287.29,3,3197.79
P1106MV,P1106,3,0.5,"D-N average",2.58755,0.220034,3,1,577.695,48.6622,3,120.884
P1106MV,P1106,3,0.2,"D-N average",1.44262,0.491314,3,1,322.062,109.718,3,272.554
P1106MV,P1106,3,Total,"D-N average",23.0284,6.60615,3,16,5151.1,1524.37,3,3786.74
P1106MV,P1106,4,5,Day,1.02842,0.0133599,2,0,228,3.06875,2,27.5717
P1106MV,P1106,4,2,Day,4.25511,0.865774,2,8,943.306,191.498,2,1720.55
P1106MV,P1106,4,1,Day,2.49909,0.070787,2,1,554.048,15.9531,2,143.333
P1106MV,P1106,4,0.5,Day,2.02646,0.153956,2,1,449.27,34.3423,2,308.554
P1106MV,P1106,4,0.2,Day,2.70489,0.433732,2,4,599.648,95.8765,2,861.417
P1106MV,P1106,4,Total,Day,12.514,1.0614,2,10,2774.27,234.011,2,2102.5
P1106MV,P1106,4,5,Night,9.06249,5.05662,2,45,2038.11,1114.82,2,10016.3
P1106MV,P1106,4,2,Night,3.37326,3.15761,2,28,756.764,702.838,2,6314.75
P1106MV,P1106,4,1,Night,5.59798,1.94737,2,17,1260.68,423.162,2,3801.96
P1106MV,P1106,4,0.5,Night,1.63283,0.750499,2,7,367.451,164.618,2,1479.04
P1106MV,P1106,4,0.2,Night,3.08364,2.73547,2,25,700.017,626.453,2,5628.45
P1106MV,P1106,4,Total,Night,22.7502,8.17662,2,73,5123.03,1778.99,2,15983.6
P1106MV,P1106,4,5,"D-N average",5.04545,5.48075,4,9,1133.06,1227.37,4,1953.03
P1106MV,P1106,4,2,"D-N average",3.81418,1.9577,4,3,850.035,434.147,4,690.825
P1106MV,P1106,4,1,"D-N average",4.04853,2.11348,4,3,907.365,475.623,4,756.823
P1106MV,P1106,4,0.5,"D-N average",1.82964,0.49729,4,1,408.361,107.971,4,171.805
P1106MV,P1106,4,0.2,"D-N average",2.89427,1.61394,4,3,649.833,370.454,4,589.476
P1106MV,P1106,4,Total,"D-N average",17.6321,7.58867,4,12,3948.65,1706.48,4,2715.39
P1106MV,P1106,5,5,Day,1.52442,0.137842,2,1,334.864,43.496,2,390.796
P1106MV,P1106,5,2,Day,1.34797,0.69456,2,6,298.595,164.033,2,1473.78
P1106MV,P1106,5,1,Day,0.911579,1.06987,2,10,204.541,242.528,2,2179.03
P1106MV,P1106,5,0.5,Day,1.20706,1.05188,2,9,269.255,241.157,2,2166.71
P1106MV,P1106,5,0.2,Day,1.64968,0.674811,2,6,364.668,162.329,2,1458.47
P1106MV,P1106,5,Total,Day,6.64071,3.62896,2,33,1471.92,853.544,2,7668.79
P1106MV,P1106,5,5,Night,1.30657,1.12514,2,10,280.827,239.341,2,2150.39
P1106MV,P1106,5,2,Night,1.19593,0.515608,2,5,259.389,115.119,2,1034.31
P1106MV,P1106,5,1,Night,2.09418,0.30183,2,3,453.304,71.6142,2,643.428
P1106MV,P1106,5,0.5,Night,1.6484,0.0342406,2,0,356.503,12.3996,2,111.406
P1106MV,P1106,5,0.2,Night,1.38417,0.0579119,2,1,299.401,16.7175,2,150.201
P1106MV,P1106,5,Total,Night,7.62924,0.215548,2,2,1649.42,23.4902,2,211.052
P1106MV,P1106,5,5,"D-N average",1.41549,0.666433,4,1,307.845,143.87,4,228.93
P1106MV,P1106,5,2,"D-N average",1.27195,0.507077,4,1,278.992,117.893,4,187.594
P1106MV,P1106,5,1,"D-N average",1.50288,0.937063,4,1,328.922,204.802,4,325.885
P1106MV,P1106,5,0.5,"D-N average",1.42773,0.65889,4,1,312.879,148.237,4,235.879
P1106MV,P1106,5,0.2,"D-N average",1.51693,0.420009,4,1,332.034,101.473,4,161.466
P1106MV,P1106,5,Total,"D-N average",7.13498,2.17509,4,3,1560.67,503.519,4,801.212
P1106MV,P1106,6,5,Day,2.75278,0.351739,2,3,590.892,81.4085,2,731.427
P1106MV,P1106,6,2,Day,2.87584,1.61621,2,15,618.658,352.923,2,3170.89
P1106MV,P1106,6,1,Day,7.30883,1.20012,2,11,1569.15,273.256,2,2455.11
P1106MV,P1106,6,0.5,Day,4.30368,0.457898,2,4,922.706,88.915,2,798.869
P1106MV,P1106,6,0.2,Day,3.46134,0.161818,2,1,742.683,42.2008,2,379.159
P1106MV,P1106,6,Total,Day,20.7025,2.87199,2,26,4444.09,660.873,2,5937.71
P1106MV,P1106,6,5,Night,5.69105,1.96214,2,18,1247.41,445.956,2,4006.76
P1106MV,P1106,6,2,Night,12.0427,4.01718,2,36,2639.42,914.185,2,8213.63
P1106MV,P1106,6,1,Night,13.999,7.8868,2,71,3072.96,1766.19,2,15868.6
P1106MV,P1106,6,0.5,Night,6.14626,2.20434,2,20,1347.32,500.269,2,4494.74
P1106MV,P1106,6,0.2,Night,3.78717,1.8584,2,17,830.924,417.622,2,3752.19
P1106MV,P1106,6,Total,Night,41.6662,17.9289,2,161,9138.04,4044.22,2,36335.9
P1106MV,P1106,6,5,"D-N average",4.22192,2.04997,4,3,919.152,460.624,4,732.956
P1106MV,P1106,6,2,"D-N average",7.45928,5.85324,4,9,1629.04,1296.63,4,2063.24
P1106MV,P1106,6,1,"D-N average",10.6539,6.01111,4,10,2321.05,1348.52,4,2145.8
P1106MV,P1106,6,0.5,"D-N average",5.22497,1.67967,4,3,1135.01,382.304,4,608.331
P1106MV,P1106,6,0.2,"D-N average",3.62426,1.09331,4,2,786.803,247.639,4,394.05
P1106MV,P1106,6,Total,"D-N average",31.1843,16.0122,4,25,6791.06,3597.48,4,5724.4
P1208MV,P1208,1,5,Day,5.82796,2.0082,3,5,1245.9,472.384,3,1173.47
P1208MV,P1208,1,2,Day,3.84153,1.89584,3,5,820.413,428.543,3,1064.56
P1208MV,P1208,1,1,Day,5.14354,1.80059,3,4,1100.73,424.641,3,1054.87
P1208MV,P1208,1,0.5,Day,6.15173,5.06258,3,13,1314.71,1097.69,3,2726.81
P1208MV,P1208,1,0.2,Day,4.32429,1.88124,3,5,918.911,413.667,3,1027.61
P1208MV,P1208,1,Total,Day,25.2891,5.50045,3,14,5400.66,1382.06,3,3433.22
P1208MV,P1208,1,5,Night,18.0335,12.3284,3,31,3825.97,2701.16,3,6710.06
P1208MV,P1208,1,2,Night,17.9817,20.5674,3,51,3830.66,4455.83,3,11068.9
P1208MV,P1208,1,1,Night,10.699,4.67242,3,12,2260.99,1040.93,3,2585.82
P1208MV,P1208,1,0.5,Night,5.53966,0.164742,3,0,1160.18,27.5194,3,68.3619
P1208MV,P1208,1,0.2,Night,9.78632,9.43775,3,23,2083.57,2050.38,3,5093.43
P1208MV,P1208,1,Total,Night,62.0402,45.8045,3,114,13161.4,10026.9,3,24908.3
P1208MV,P1208,1,5,"D-N average",11.9307,10.349,6,11,2535.93,2237.14,6,2347.73
P1208MV,P1208,1,2,"D-N average",10.9116,15.1864,6,16,2325.53,3276.23,6,3438.19
P1208MV,P1208,1,1,"D-N average",7.92125,4.39184,6,5,1680.86,953.628,6,1000.77
P1208MV,P1208,1,0.5,"D-N average",5.8457,3.22105,6,3,1237.45,699.598,6,734.183
P1208MV,P1208,1,0.2,"D-N average",7.05531,6.7819,6,7,1501.24,1468.67,6,1541.28
P1208MV,P1208,1,Total,"D-N average",43.6646,35.4474,6,37,9281.01,7684.3,6,8064.18
P1208MV,P1208,2,5,Day,4.92439,6.90742,2,62,1046.48,1468.05,2,13189.9
P1208MV,P1208,2,2,Day,0.739576,0.0700687,2,1,156.113,13.388,2,120.287
P1208MV,P1208,2,1,Day,1.40227,0.0785624,2,1,296.049,13.9195,2,125.061
P1208MV,P1208,2,0.5,Day,1.43206,1.19592,2,11,303.554,255.275,2,2293.56
P1208MV,P1208,2,0.2,Day,1.14254,0.0671873,2,1,241.211,12.0121,2,107.924
P1208MV,P1208,2,Total,Day,9.64084,7.88752,2,71,2043.41,1684.01,2,15130.2
P1208MV,P1208,2,5,Night,2.27621,1.97933,2,18,529.165,489.997,2,4402.45
P1208MV,P1208,2,2,Night,3.77435,0.902642,2,8,833.326,121.979,2,1095.94
P1208MV,P1208,2,1,Night,6.62859,1.94029,2,17,1459.76,293.508,2,2637.06
P1208MV,P1208,2,0.5,Night,2.52166,0.213933,2,2,565.362,100.946,2,906.963
P1208MV,P1208,2,0.2,Night,1.60991,0.569165,2,5,353.506,93.1516,2,836.934
P1208MV,P1208,2,Total,Night,16.8107,1.21884,2,11,3741.12,82.3039,2,739.471
P1208MV,P1208,2,5,"D-N average",3.6003,4.42128,4,7,787.824,942.142,4,1499.16
P1208MV,P1208,2,2,"D-N average",2.25696,1.82844,4,3,494.719,397.356,4,632.282
P1208MV,P1208,2,1,"D-N average",4.01543,3.21897,4,5,877.905,692.956,4,1102.65
P1208MV,P1208,2,0.5,"D-N average",1.97686,0.942198,4,1,434.458,219.012,4,348.497
P1208MV,P1208,2,0.2,"D-N average",1.37623,0.426967,4,1,297.359,84.5213,4,134.492
P1208MV,P1208,2,Total,"D-N average",13.2258,6.19424,4,10,2892.27,1381.41,4,2198.13
P1208MV,P1208,3,5,Day,8.45842,0.139643,2,1,1644.55,68.4698,2,615.176
P1208MV,P1208,3,2,Day,3.36278,0.0086421,2,0,654.084,36.3395,2,326.497
P1208MV,P1208,3,1,Day,2.48626,1.01981,2,9,489.396,226.486,2,2034.9
P1208MV,P1208,3,0.5,Day,1.1189,0.0726651,2,1,217.24,1.4843,2,13.3359
P1208MV,P1208,3,0.2,Day,2.59077,0.063919,2,1,503.599,16.8584,2,151.467
P1208MV,P1208,3,Total,Day,18.0171,0.734945,2,7,3508.87,346.67,2,3114.7
P1208MV,P1208,3,5,Night,12.6025,0.0298981,2,0,2500.79,110.774,2,995.263
P1208MV,P1208,3,2,Night,6.82695,4.59554,2,41,1376.07,975.193,2,8761.76
P1208MV,P1208,3,1,Night,9.29708,2.74239,2,25,1832.28,458.122,2,4116.07
P1208MV,P1208,3,0.5,Night,6.20433,1.29148,2,12,1225.25,198.835,2,1786.46
P1208MV,P1208,3,0.2,Night,3.44278,1.42059,2,13,676.631,250.03,2,2246.43
P1208MV,P1208,3,Total,Night,38.3736,0.888824,2,8,7611.01,178.98,2,1608.07
P1208MV,P1208,3,5,"D-N average",10.5304,2.39399,4,4,2072.67,500.03,4,795.659
P1208MV,P1208,3,2,"D-N average",5.09487,3.32263,4,5,1015.08,700.852,4,1115.21
P1208MV,P1208,3,1,"D-N average",5.89167,4.27972,4,7,1160.84,829.56,4,1320.01
P1208MV,P1208,3,0.5,"D-N average",3.66162,3.02957,4,5,721.245,593.19,4,943.898
P1208MV,P1208,3,0.2,"D-N average",3.01677,0.957093,4,2,590.115,175.821,4,279.771
P1208MV,P1208,3,Total,"D-N average",28.1954,11.7717,4,19,5559.94,2379.06,4,3785.61
P1208MV,P1208,4,5,Day,0.26228,0.204018,2,2,55.7992,45.3156,2,407.145
P1208MV,P1208,4,2,Day,0.704906,0.180201,2,2,146.16,30.2395,2,271.691
P1208MV,P1208,4,1,Day,0.95348,0.215759,2,2,197.848,35.0626,2,315.025
P1208MV,P1208,4,0.5,Day,0.592192,0.0175624,2,0,123.672,9.85263,2,88.5224
P1208MV,P1208,4,0.2,Day,1.7816,1.28956,2,12,378.526,287.724,2,2585.1
P1208MV,P1208,4,Total,Day,4.29445,1.11518,2,10,902.005,277.59,2,2494.05
P1208MV,P1208,4,5,Night,0.850617,0.374017,2,3,178.512,81.6821,2,733.885
P1208MV,P1208,4,2,Night,2.20848,0.494439,2,4,462.486,112.482,2,1010.61
P1208MV,P1208,4,1,Night,2.08449,0.33478,2,3,436.247,78.6065,2,706.251
P1208MV,P1208,4,0.5,Night,1.8099,0.0206561,2,0,378.134,3.19829,2,28.7355
P1208MV,P1208,4,0.2,Night,1.62369,0.583257,2,5,340.48,128.612,2,1155.54
P1208MV,P1208,4,Total,Night,8.57717,1.76584,2,16,1795.86,404.581,2,3635.02
P1208MV,P1208,4,5,"D-N average",0.556449,0.419386,4,1,117.156,89.0393,4,141.681
P1208MV,P1208,4,2,"D-N average",1.45669,0.919722,4,1,304.323,194.618,4,309.681
P1208MV,P1208,4,1,"D-N average",1.51898,0.692292,4,1,317.047,146.336,4,232.853
P1208MV,P1208,4,0.5,"D-N average",1.20104,0.703216,4,1,250.903,147.035,4,233.966
P1208MV,P1208,4,0.2,"D-N average",1.70264,0.822209,4,1,359.503,183.279,4,291.638
P1208MV,P1208,4,Total,"D-N average",6.43581,2.75097,4,4,1348.93,588.704,4,936.759
P1208MV,P1208,5,5,Day,1.11281,,1,,241.421,,1,
P1208MV,P1208,5,2,Day,0.169138,,1,,36.6941,,1,
P1208MV,P1208,5,1,Day,1.18972,,1,,258.107,,1,
P1208MV,P1208,5,0.5,Day,4.37367,,1,,948.856,,1,
P1208MV,P1208,5,0.2,Day,2.73946,,1,,594.318,,1,
P1208MV,P1208,5,Total,Day,9.5848,,1,,2079.4,,1,
P1208MV,P1208,5,5,Night,1.2371,,1,,252.772,,1,
P1208MV,P1208,5,2,Night,4.73682,,1,,967.855,,1,
P1208MV,P1208,5,1,Night,6.66958,,1,,1362.77,,1,
P1208MV,P1208,5,0.5,Night,3.58701,,1,,732.919,,1,
P1208MV,P1208,5,0.2,Night,2.93301,,1,,599.29,,1,
P1208MV,P1208,5,Total,Night,19.1635,,1,,3915.6,,1,
P1208MV,P1208,5,5,"D-N average",1.17496,0.0878864,2,1,247.097,8.02595,2,72.1103
P1208MV,P1208,5,2,"D-N average",2.45298,3.22984,2,29,502.275,658.43,2,5915.76
P1208MV,P1208,5,1,"D-N average",3.92965,3.87485,2,35,810.437,781.114,2,7018.03
P1208MV,P1208,5,0.5,"D-N average",3.98034,0.556253,2,5,840.888,152.691,2,1371.87
P1208MV,P1208,5,0.2,"D-N average",2.83623,0.136863,2,1,596.804,3.51578,2,31.588
P1208MV,P1208,5,Total,"D-N average",14.3742,6.77319,2,61,2997.5,1298.4,2,11665.6
P1408MV,P1408,1,5,Day,4.17524,1.77828,3,4,764.711,241.985,3,601.123
P1408MV,P1408,1,2,Day,2.29109,0.46801,3,1,434.798,114.068,3,283.361
P1408MV,P1408,1,1,Day,3.17999,3.59876,3,9,617.792,712.931,3,1771.02
P1408MV,P1408,1,0.5,Day,4.39419,1.43026,3,4,826.578,286.489,3,711.679
P1408MV,P1408,1,0.2,Day,2.01155,1.11617,3,3,365.23,165.05,3,410.008
P1408MV,P1408,1,Total,Day,16.0521,5.73545,3,14,3009.11,1110.07,3,2757.57
P1408MV,P1408,1,5,Night,14.2197,12.3039,3,31,2912.5,2523.94,3,6269.82
P1408MV,P1408,1,2,Night,5.23436,3.04059,3,8,1073.09,633.64,3,1574.05
P1408MV,P1408,1,1,Night,4.79787,1.60718,3,4,979.92,358.013,3,889.354
P1408MV,P1408,1,0.5,Night,4.61106,1.16195,3,3,934.505,229.758,3,570.749
P1408MV,P1408,1,0.2,Night,1.66468,0.309729,3,1,338.892,70.2052,3,174.399
P1408MV,P1408,1,Total,Night,30.5276,14.3128,3,36,6238.91,3000.57,3,7453.83
P1408MV,P1408,1,5,"D-N average",9.19744,9.59619,6,10,1838.6,1988.83,6,2087.15
P1408MV,P1408,1,2,"D-N average",3.76272,2.52677,6,3,753.943,536.683,6,563.215
P1408MV,P1408,1,1,"D-N average",3.98893,2.64554,6,3,798.856,542.143,6,568.944
P1408MV,P1408,1,0.5,"D-N average",4.50263,1.1715,6,1,880.542,239.667,6,251.515
P1408MV,P1408,1,0.2,"D-N average",1.83811,0.756838,6,1,352.061,114.352,6,120.005
P1408MV,P1408,1,Total,"D-N average",23.2898,12.5684,6,13,4624.01,2687.7,6,2820.57
P1408MV,P1408,2,5,Day,14.6068,10.0812,3,25,2924.26,1911.3,3,4747.94
P1408MV,P1408,2,2,Day,3.43649,0.434433,3,1,699.355,95.3689,3,236.909
P1408MV,P1408,2,1,Day,3.79385,0.865868,3,2,774.234,193.95,3,481.799
P1408MV,P1408,2,0.5,Day,4.15557,1.3598,3,3,850.49,299.198,3,743.249
P1408MV,P1408,2,0.2,Day,1.46052,0.438758,3,1,299.092,97.8291,3,243.021
P1408MV,P1408,2,Total,Day,27.4533,8.79766,3,22,5547.43,1593.97,3,3959.63
P1408MV,P1408,2,5,Night,14.5577,5.39386,3,13,2973.98,1067.49,3,2651.78
P1408MV,P1408,2,2,Night,7.69665,1.93542,3,5,1573.11,374.57,3,930.484
P1408MV,P1408,2,1,Night,4.08238,0.526645,3,1,835.707,98.9241,3,245.741
P1408MV,P1408,2,0.5,Night,4.24584,1.03115,3,3,868.813,202.977,3,504.223
P1408MV,P1408,2,0.2,Night,1.68568,0.358704,3,1,344.989,70.2709,3,174.563
P1408MV,P1408,2,Total,Night,32.2683,9.1157,3,23,6596.6,1785.1,3,4434.43
P1408MV,P1408,2,5,"D-N average",15.1678,7.23124,6,8,2949.12,1384.84,6,1453.3
P1408MV,P1408,2,2,"D-N average",6.07562,2.64925,6,3,1136.23,537.396,6,563.962
P1408MV,P1408,2,1,"D-N average",3.76731,0.660157,6,1,804.97,141.756,6,148.764
P1408MV,P1408,2,0.5,"D-N average",3.91165,1.08045,6,1,859.651,228.885,6,240.2
P1408MV,P1408,2,0.2,"D-N average",1.51134,0.379051,6,0,322.041,80.2208,6,84.1865
P1408MV,P1408,2,Total,"D-N average",30.4337,8.43524,6,9,6072.01,1619,6,1699.03
P1408MV,P1408,3,5,Day,6.04553,3.31996,3,8,1216.2,691.94,3,1718.87
P1408MV,P1408,3,2,Day,2.65437,1.45256,3,4,538.314,462.244,3,1148.28
P1408MV,P1408,3,1,Day,3.54252,0.925003,3,2,725.454,330.379,3,820.707
P1408MV,P1408,3,0.5,Day,2.51845,0.592232,3,1,515.172,130.764,3,324.836
P1408MV,P1408,3,0.2,Day,1.17816,0.0592454,3,0,240.175,17.625,3,43.783
P1408MV,P1408,3,Total,Day,15.939,2.45387,3,6,3235.32,1317.17,3,3272.04
P1408MV,P1408,3,5,Night,10.1879,1.8084,3,4,2114.13,423.544,3,1052.14
P1408MV,P1408,3,2,Night,5.62646,1.73466,3,4,1171.09,387.608,3,962.871
P1408MV,P1408,3,1,Night,5.45923,1.52925,3,4,1129.83,323.57,3,803.792
P1408MV,P1408,3,0.5,Night,2.87129,0.60633,3,2,595.832,137.204,3,340.835
P1408MV,P1408,3,0.2,Night,1.19267,0.073368,3,0,246.894,18.3351,3,45.5468
P1408MV,P1408,3,Total,Night,25.3376,4.48117,3,11,5257.77,1049.61,3,2607.38
P1408MV,P1408,3,5,"D-N average",8.11672,3.29617,6,3,1665.17,691.94,6,726.146
P1408MV,P1408,3,2,"D-N average",4.14042,2.16739,6,2,854.7,462.244,6,485.095
P1408MV,P1408,3,1,"D-N average",4.50087,1.54267,6,2,927.64,330.379,6,346.712
P1408MV,P1408,3,0.5,"D-N average",2.69487,0.569823,6,1,555.502,130.764,6,137.228
P1408MV,P1408,3,0.2,"D-N average",1.18542,0.0601687,6,0,243.535,17.625,6,18.4963
P1408MV,P1408,3,Total,"D-N average",20.6383,6.07788,6,6,4246.54,1317.17,6,1382.29
P1408MV,P1408,4,5,Day,2.91821,2.25611,3,6,595.321,448.468,3,1114.06
P1408MV,P1408,4,2,Day,0.386797,0.0796867,3,0,79.5034,14.8737,3,36.9482
P1408MV,P1408,4,1,Day,0.520453,0.12665,3,0,107.512,27.9273,3,69.3753
P1408MV,P1408,4,0.5,Day,0.788073,0.208504,3,1,162.834,45.7474,3,113.643
P1408MV,P1408,4,0.2,Day,0.818871,0.164306,3,0,169.145,36.7126,3,91.1992
P1408MV,P1408,4,Total,Day,5.4324,1.93906,3,5,1114.32,374.336,3,929.901
P1408MV,P1408,4,5,Night,7.45855,5.42136,3,13,1575.88,1071.55,3,2661.88
P1408MV,P1408,4,2,Night,1.09405,0.533269,3,1,238.166,124.618,3,309.569
P1408MV,P1408,4,1,Night,1.17293,0.14449,3,0,252.283,25.331,3,62.9256
P1408MV,P1408,4,0.5,Night,1.05604,0.0808478,3,0,227.657,19.345,3,48.0557
P1408MV,P1408,4,0.2,Night,0.730151,0.164103,3,0,156.362,27.4932,3,68.2968
P1408MV,P1408,4,Total,Night,11.5117,5.55614,3,14,2450.35,1069.51,3,2656.82
P1408MV,P1408,4,5,"D-N average",5.18838,4.46955,6,5,1085.6,910.048,6,955.037
P1408MV,P1408,4,2,"D-N average",0.740426,0.516095,6,1,158.835,117.697,6,123.515
P1408MV,P1408,4,1,"D-N average",0.846692,0.377472,6,0,179.898,82.8025,6,86.8959
P1408MV,P1408,4,0.5,"D-N average",0.922057,0.203828,6,0,195.246,47.4071,6,49.7506
P1408MV,P1408,4,0.2,"D-N average",0.774511,0.154699,6,0,162.754,29.8412,6,31.3164
P1408MV,P1408,4,Total,"D-N average",8.47206,4.99397,6,5,1782.33,1024.25,6,1074.89
P1408MV,P1408,5,5,Day,0.65936,0.590079,3,1,143.649,130.741,3,324.778
P1408MV,P1408,5,2,Day,0.414862,0.251787,3,1,88.2731,50.6795,3,125.895
P1408MV,P1408,5,1,Day,0.56191,0.150671,3,0,121.638,35.8278,3,89.0012
P1408MV,P1408,5,0.5,Day,0.820365,0.153287,3,0,177.119,36.2033,3,89.934
P1408MV,P1408,5,0.2,Day,0.624981,0.0478367,3,0,134.853,13.2008,3,32.7925
P1408MV,P1408,5,Total,Day,3.08148,0.19005,3,0,665.532,66.0019,3,163.958
P1408MV,P1408,5,5,Night,5.45126,3.30029,3,8,1265.21,724.162,3,1798.92
P1408MV,P1408,5,2,Night,1.74635,0.410134,3,1,408.129,83.507,3,207.443
P1408MV,P1408,5,1,Night,1.18436,0.446757,3,1,276.429,97.1772,3,241.402
P1408MV,P1408,5,0.5,Night,0.790105,0.250402,3,1,186.08,63.1859,3,156.962
P1408MV,P1408,5,0.2,Night,0.539147,0.150152,3,0,126.578,36.049,3,89.5507
P1408MV,P1408,5,Total,Night,9.71123,4.30538,3,11,2262.43,935.58,3,2324.11
P1408MV,P1408,5,5,"D-N average",3.05531,3.37413,6,4,704.431,770.697,6,808.797
P1408MV,P1408,5,2,"D-N average",1.08061,0.790255,6,1,248.201,185.766,6,194.95
P1408MV,P1408,5,1,"D-N average",0.873137,0.452938,6,0,199.034,107.14,6,112.436
P1408MV,P1408,5,0.5,"D-N average",0.805235,0.186424,6,0,181.6,46.3179,6,48.6076
P1408MV,P1408,5,0.2,"D-N average",0.582064,0.110199,6,0,130.716,24.6993,6,25.9203
P1408MV,P1408,5,Total,"D-N average",6.39635,4.54038,6,5,1463.98,1056.83,6,1109.08
P1604,P1604,1,5,Day,0.0479951,,1,,9.38072,,1,
P1604,P1604,1,2,Day,0.603767,,1,,118.007,,1,
P1604,P1604,1,1,Day,0.864324,,1,,168.933,,1,
P1604,P1604,1,0.5,Day,1.41944,,1,,277.431,,1,
P1604,P1604,1,0.2,Day,1.36222,,1,,266.248,,1,
P1604,P1604,1,Total,Day,4.29774,,1,,840.001,,1,
P1604,P1604,1,5,Night,2.10031,,1,,432.212,,1,
P1604,P1604,1,2,Night,1.50278,,1,,309.249,,1,
P1604,P1604,1,1,Night,2.60408,,1,,535.881,,1,
P1604,P1604,1,0.5,Night,2.21998,,1,,456.839,,1,
P1604,P1604,1,0.2,Night,1.34219,,1,,276.202,,1,
P1604,P1604,1,Total,Night,9.76934,,1,,2010.38,,1,
P1604,P1604,1,5,"D-N average",1.07415,1.45121,2,13,220.797,298.987,2,2686.29
P1604,P1604,1,2,"D-N average",1.05327,0.635697,2,6,213.628,135.229,2,1214.98
P1604,P1604,1,1,"D-N average",1.7342,1.23019,2,11,352.407,259.471,2,2331.25
P1604,P1604,1,0.5,"D-N average",1.81971,0.566073,2,5,367.135,126.861,2,1139.8
P1604,P1604,1,0.2,"D-N average",1.3522,0.0141657,2,0,271.225,7.03843,2,63.2378
P1604,P1604,1,Total,"D-N average",7.03354,3.86901,2,35,1425.19,827.586,2,7435.56
P1604,P1604,2,5,Day,0.726939,0.182179,3,0,136.704,24.7652,3,61.5201
P1604,P1604,2,2,Day,1.38702,0.335161,3,1,261.064,46.3499,3,115.14
P1604,P1604,2,1,Day,0.231622,0.0942027,3,0,43.2166,13.8652,3,34.443
P1604,P1604,2,0.5,Day,0.15292,0.0249143,3,0,29.4067,7.03263,3,17.47
P1604,P1604,2,0.2,Day,0.188776,0.0152558,3,0,36.1214,5.73252,3,14.2404
P1604,P1604,2,Total,Day,2.68728,0.543771,3,1,506.512,65.6189,3,163.006
P1604,P1604,2,5,Night,0.732732,0.31533,3,1,151.17,61.5132,3,152.807
P1604,P1604,2,2,Night,1.80221,0.826679,3,2,371.357,161.386,3,400.906
P1604,P1604,2,1,Night,0.717926,0.277406,3,1,147.986,54.4665,3,135.302
P1604,P1604,2,0.5,Night,0.316749,0.083553,3,0,65.4691,16.0948,3,39.9816
P1604,P1604,2,0.2,Night,0.268883,0.130634,3,0,55.527,26.5192,3,65.8774
P1604,P1604,2,Total,Night,3.8385,1.41358,3,4,791.51,272.18,3,676.133
P1604,P1604,2,5,"D-N average",0.729836,0.230345,6,0,143.937,42.6809,6,44.7909
P1604,P1604,2,2,"D-N average",1.59461,0.608281,6,1,316.21,122.176,6,128.216
P1604,P1604,2,1,"D-N average",0.474774,0.324467,6,0,95.6014,67.5022,6,70.8392
P1604,P1604,2,0.5,"D-N average",0.234834,0.105322,6,0,47.4379,22.6616,6,23.7819
P1604,P1604,2,0.2,"D-N average",0.228829,0.0940443,6,0,45.8242,20.1848,6,21.1826
P1604,P1604,2,Total,"D-N average",3.26289,1.1468,6,1,649.011,236.056,6,247.725
P1604,P1604,3,5,Day,1.31058,,1,,281.289,,1,
P1604,P1604,3,2,Day,0.994791,,1,,213.511,,1,
P1604,P1604,3,1,Day,5.45187,,1,,1170.13,,1,
P1604,P1604,3,0.5,Day,2.14842,,1,,461.115,,1,
P1604,P1604,3,0.2,Day,1.02485,,1,,219.963,,1,
P1604,P1604,3,Total,Day,10.9305,,1,,2346.01,,1,
P1604,P1604,3,5,Night,4.371,4.93184,2,44,924.558,1025.47,2,9213.48
P1604,P1604,3,2,Night,3.32885,2.56946,2,23,710.74,522.534,2,4694.79
P1604,P1604,3,1,Night,12.9918,12.3473,2,111,2760.92,2544.51,2,22861.5
P1604,P1604,3,0.5,Night,3.72136,1.89644,2,17,821.139,454.579,2,4084.23
P1604,P1604,3,0.2,Night,5.08079,5.10291,2,46,1135.12,1168.16,2,10495.5
P1604,P1604,3,Total,Night,29.4938,12.8493,2,115,6352.49,2469.77,2,22190
P1604,P1604,3,5,"D-N average",3.35086,3.90942,3,10,710.135,814.694,3,2023.81
P1604,P1604,3,2,"D-N average",2.55083,2.26208,3,6,544.997,467.903,3,1162.34
P1604,P1604,3,1,"D-N average",10.4785,9.75593,3,24,2230.66,2020.1,3,5018.2
P1604,P1604,3,0.5,"D-N average",3.19705,1.61955,3,4,701.131,382.788,3,950.899
P1604,P1604,3,0.2,"D-N average",3.72881,4.30156,3,11,830.07,980.544,3,2435.81
P1604,P1604,3,Total,"D-N average",23.306,14.0505,3,35,5016.99,2898.36,3,7199.93
P1604,P1604,4,5,Day,0.958908,,1,,207.769,,1,
P1604,P1604,4,2,Day,6.20803,,1,,1345.11,,1,
P1604,P1604,4,1,Day,70.2669,,1,,15224.9,,1,
P1604,P1604,4,0.5,Day,20.3664,,1,,4412.84,,1,
P1604,P1604,4,0.2,Day,6.36501,,1,,1379.13,,1,
P1604,P1604,4,Total,Day,104.165,,1,,22569.8,,1,
P1604,P1604,4,5,Night,2.9818,,1,,649.803,,1,
P1604,P1604,4,2,Night,3.80511,,1,,829.219,,1,
P1604,P1604,4,1,Night,31.4311,,1,,6849.56,,1,
P1604,P1604,4,0.5,Night,8.64109,,1,,1883.09,,1,
P1604,P1604,4,0.2,Night,2.36111,,1,,514.54,,1,
P1604,P1604,4,Total,Night,49.2203,,1,,10726.2,,1,
P1604,P1604,4,5,"D-N average",1.97036,1.4304,2,13,428.786,312.565,2,2808.29
P1604,P1604,4,2,"D-N average",5.00657,1.69913,2,15,1087.17,364.792,2,3277.53
P1604,P1604,4,1,"D-N average",50.849,27.461,2,247,11037.2,5922.28,2,53209.6
P1604,P1604,4,0.5,"D-N average",14.5037,8.29103,2,74,3147.97,1788.81,2,16071.8
P1604,P1604,4,0.2,"D-N average",4.36306,2.83119,2,25,946.833,611.355,2,5492.8
P1604,P1604,4,Total,"D-N average",76.6927,38.852,2,349,16648,8374.67,2,75243.4
P1706,P1706,1,5,Day,8.96554,7.29313,3,18,1929.26,1591.01,3,3952.28
P1706,P1706,1,2,Day,11.8268,8.4783,3,21,2542.7,1851.36,3,4599.03
P1706,P1706,1,1,Day,10.6007,10.496,3,26,2227.21,2166.95,3,5383.01
P1706,P1706,1,0.5,Day,6.02629,1.10269,3,3,1284.61,246.271,3,611.771
P1706,P1706,1,0.2,Day,3.10728,2.4276,3,6,665.64,521.292,3,1294.96
P1706,P1706,1,Total,Day,40.5266,7.39778,3,18,8649.42,1742.25,3,4327.98
P1706,P1706,1,5,Night,16.049,8.81023,3,22,3074.04,1797.38,3,4464.94
P1706,P1706,1,2,Night,16.4523,5.09376,3,13,3127.87,1074.45,3,2669.09
P1706,P1706,1,1,Night,24.0331,15.0388,3,37,4594.01,3033.89,3,7536.59
P1706,P1706,1,0.5,Night,4.59208,2.33587,3,6,852.18,379.617,3,943.021
P1706,P1706,1,0.2,Night,3.66155,3.50397,3,9,701.554,695.823,3,1728.52
P1706,P1706,1,Total,Night,64.788,31.459,3,78,12349.6,6417.29,3,15941.4
P1706,P1706,1,5,"D-N average",12.5073,8.20833,6,9,2501.65,1642.53,6,1723.73
P1706,P1706,1,2,"D-N average",14.1395,6.74906,6,7,2835.28,1391.23,6,1460
P1706,P1706,1,1,"D-N average",17.3169,13.7354,6,14,3410.61,2690.83,6,2823.86
P1706,P1706,1,0.5,"D-N average",5.30919,1.81273,6,2,1068.4,371.488,6,389.852
P1706,P1706,1,0.2,"D-N average",3.38441,2.71304,6,3,683.597,550.23,6,577.431
P1706,P1706,1,Total,"D-N average",52.6573,24.3791,6,26,10499.5,4668.44,6,4899.23
P1706,P1706,2,5,Day,8.95372,1.54163,4,2,1864.31,351.295,4,558.989
P1706,P1706,2,2,Day,4.53444,3.39192,4,5,949.618,731.686,4,1164.28
P1706,P1706,2,1,Day,3.98827,1.70331,4,3,831.721,363.225,4,577.972
P1706,P1706,2,0.5,Day,3.28497,1.17844,4,2,682.226,245.991,4,391.427
P1706,P1706,2,0.2,Day,4.40497,0.564139,4,1,913.646,101.096,4,160.867
P1706,P1706,2,Total,Day,25.1664,4.22323,4,7,5241.52,978.749,4,1557.41
P1706,P1706,2,5,Night,16.1276,5.46683,4,9,3346.22,1069.65,4,1702.05
P1706,P1706,2,2,Night,6.52843,4.94428,4,8,1331.12,949.646,4,1511.1
P1706,P1706,2,1,Night,5.43156,2.36125,4,4,1131.84,503.113,4,800.565
P1706,P1706,2,0.5,Night,4.71478,1.77261,4,3,993.095,402.908,4,641.116
P1706,P1706,2,0.2,Night,4.72095,2.61587,4,4,991.687,572.343,4,910.726
P1706,P1706,2,Total,Night,37.5233,6.14991,4,10,7793.96,935.846,4,1489.14
P1706,P1706,2,5,"D-N average",12.5406,5.34143,8,4,2605.27,1081.98,8,904.561
P1706,P1706,2,2,"D-N average",5.53144,4.06738,8,3,1140.37,810.878,8,677.911
P1706,P1706,2,1,"D-N average",4.70991,2.05623,8,2,981.78,436.759,8,365.139
P1706,P1706,2,0.5,"D-N average",3.99988,1.58931,8,1,837.66,350.88,8,293.343
P1706,P1706,2,0.2,"D-N average",4.56296,1.75999,8,1,952.667,382.767,8,320.001
P1706,P1706,2,Total,"D-N average",31.3448,8.2146,8,7,6517.74,1627.06,8,1360.25
P1706,P1706,3,5,Day,6.64457,3.24972,3,8,1436.86,705.93,3,1753.63
P1706,P1706,3,2,Day,9.42646,7.48722,3,19,2036.69,1615.37,3,4012.81
P1706,P1706,3,1,Day,7.17939,5.64052,3,14,1555.9,1230.01,3,3055.52
P1706,P1706,3,0.5,Day,2.5931,1.2264,3,3,561.089,267.961,3,665.652
P1706,P1706,3,0.2,Day,2.4723,1.58615,3,4,535.557,346.33,3,860.332
P1706,P1706,3,Total,Day,28.3158,15.8294,3,39,6126.11,3446.95,3,8562.7
P1706,P1706,3,5,Night,8.82144,7.09228,3,18,1792.41,1358.32,3,3374.26
P1706,P1706,3,2,Night,8.93421,12.1962,3,30,1918.57,2651.43,3,6586.52
P1706,P1706,3,1,Night,5.49466,2.14081,3,5,1158.29,484.336,3,1203.16
P1706,P1706,3,0.5,Night,3.22603,0.960274,3,2,678.613,226.104,3,561.674
P1706,P1706,3,0.2,Night,3.11751,1.62762,3,4,659.451,367.571,3,913.096
P1706,P1706,3,Total,Night,29.5938,10.6455,3,26,6207.33,2444.42,3,6072.28
P1706,P1706,3,5,"D-N average",7.733,5.07603,6,5,1614.64,987.56,7,913.34
P1706,P1706,3,2,"D-N average",9.18034,9.05512,6,10,1977.63,1964.69,7,1817.03
P1706,P1706,3,1,"D-N average",6.33702,3.92567,6,4,1357.1,863.964,7,799.033
P1706,P1706,3,0.5,"D-N average",2.90957,1.04434,6,1,619.851,230.898,7,213.545
P1706,P1706,3,0.2,"D-N average",2.7949,1.48017,6,2,597.504,326.536,7,301.996
P1706,P1706,3,Total,"D-N average",28.9548,12.085,6,13,6166.72,2672.95,6,2805.08
P1706,P1706,4,5,Day,2.97062,1.05685,2,9,621.376,225.332,2,2024.53
P1706,P1706,4,2,Day,7.86505,4.52115,2,41,1639.55,932.418,2,8377.44
P1706,P1706,4,1,Day,6.59867,2.91252,2,26,1376.24,598.314,2,5375.64
P1706,P1706,4,0.5,Day,7.21156,8.13565,2,73,1512.74,1710.6,2,15369.2
P1706,P1706,4,0.2,Day,3.26954,2.06725,2,19,684.597,436.864,2,3925.07
P1706,P1706,4,Total,Day,27.9154,3.82608,2,34,5834.5,842.068,2,7565.68
P1706,P1706,4,5,Night,5.49559,2.25002,2,20,1117.97,473.408,2,4253.4
P1706,P1706,4,2,Night,8.17519,0.9013,2,8,1656.46,157.308,2,1413.36
P1706,P1706,4,1,Night,17.7534,6.94636,2,62,3611.08,1463.98,2,13153.3
P1706,P1706,4,0.5,Night,8.95954,0.0182491,2,0,1816.96,31.6131,2,284.032
P1706,P1706,4,0.2,Night,2.31253,0.161214,2,1,469.214,39.8973,2,358.463
P1706,P1706,4,Total,Night,42.6963,8.47454,2,76,8671.68,1851.59,2,16635.9
P1706,P1706,4,5,"D-N average",4.2331,2.04573,4,3,869.672,416.93,4,663.429
P1706,P1706,4,2,"D-N average",8.02012,2.66767,4,4,1648.01,546.026,4,868.85
P1706,P1706,4,1,"D-N average",12.176,7.77095,4,12,2493.66,1580.69,4,2515.23
P1706,P1706,4,0.5,"D-N average",8.08555,4.80433,4,8,1664.85,1003.28,4,1596.44
P1706,P1706,4,0.2,"D-N average",2.79104,1.31851,4,2,576.905,282.154,4,448.969
P1706,P1706,4,Total,"D-N average",35.3059,10.0818,4,16,7253.09,2015.52,4,3207.15
